question_id,question_type,topic,context_length,distance_to_ref_in_blocks,distance_to_ref_in_tokens,question,correct_answer,all_options
3ce9a9bb-8b4e-41ff-8145-20720a2b2eb5,factual,therapy,8171,1,2683,I've been thinking about the impact of reality TV on viewers' creativity and problem-solving skills. What are your thoughts on how these shows can influence real-world problem-solving abilities?,(c),"['(a) I recall our discussion about your interest in mindfulness practices, which can also play a role in enhancing problem-solving through improved focus and clarity.', ""(b) You once mentioned attending a workshop about sustainable living, and it's fascinating to see how these practical skills can apply to everyday problem-solving."", ""(c) It's interesting you bring that up! You previously mentioned watching a reality TV show that focused on real-world problem-solving, where participants tackled challenges with creative solutions. Shows like these can certainly inspire viewers by showcasing innovative approaches and highlighting the importance of creativity in solving everyday issues, providing a more genuine perspective compared to the usual scripted television formats."", '(d) Remember when you talked about your passion for photography and how capturing unique perspectives can enhance creativity?']"
0dda4863-ee4e-4ba2-bd66-caadee8b597d,factual_inverse,therapy,8159,1,2671,I've been thinking about trying a new type of TV show that focuses on problem-solving and creativity. Any suggestions?,(d),"[""(a) Check out 'Project Runway' for a fashion-centric take on creativity and problem-solving. It features designers who tackle thematic challenges under time constraints, showcasing differing styles and innovative solutions. The blend of art and strategy encourages viewers to appreciate diverse perspectives in design."", ""(b) You might enjoy 'The Great British Bake Off.' It emphasizes creativity and problem-solving in baking, showcasing contestants who innovate with recipes and techniques. The camaraderie and sharing of ideas among participants make it a feel-good watch, inspiring viewers to try their hand at baking and think outside the box."", ""(c) Consider exploring 'Lego Masters.' It's a competition-focused show where participants build intricate designs within set themes, merging creativity with engineering. The diverse approaches and teamwork in constructing elaborate Lego structures are fascinating, providing insights into unique problem-solving strategies in every episode."", '(d) You might enjoy shows that incorporate real-world problem-solving elements into their storyline, where participants tackle everyday challenges in creative ways.']"
f52a4cc6-0202-4ad1-b41c-e6cb85848697,reasons_of_change_generalization,therapy,8161,1,2673,I recently came across a new podcast series that tackles real-world issues. Is it worth exploring such podcasts for intellectual growth?,(c),"['(a) Listening to podcasts on real-world topics can be enlightening and entertaining. With their in-depth analysis and engaging storytelling, these podcasts can hold your attention and inspire new ideas.', '(b) Podcasts that explore real-world issues can expand your knowledge and provide a break from everyday routines. They often feature expert discussions and diverse viewpoints, which can be refreshing and informative.', '(c) Exploring podcasts that delve into real-world issues can indeed be an intellectually stimulating experience. Such content often presents a unique approach to storytelling by focusing on real-world problem-solving, which can engage and challenge your thinking. If you enjoyed how a reality TV show approached storytelling, you might find this form of content rewarding as well. It can offer new perspectives and insights, enhancing your understanding of various topics.', '(d) Exploring new podcasts that touch on real-world subjects might enrich your intellectual pursuits. Such podcasts often feature fascinating interviews and stories that can broaden your understanding of current global issues.']"
817679c9-8b71-4e70-a918-b3fd8a67c4ff,reasons_of_change_after_new_updates,therapy,8278,1,2790,I recently came across a new podcast series that tackles real-world issues. Is it worth exploring such podcasts for intellectual growth?,(a),"[""(a) It's interesting to see your preferences evolving once again. It seems like while the storytelling approach of reality TV initially engaged you by focusing on real-world problem-solving, you might be encountering a new perspective or type of content that has shifted your interest again. Perhaps this shift is offering a different kind of stimulation or addressing other interests that the previous experience did not fully satisfy."", '(b) Your changing interests might be due to the dynamic nature of reality TV, which constantly introduces fresh plotlines and challenges.', '(c) Perhaps your shifting taste is driven by a desire to explore content that emphasizes interpersonal drama and conflict resolution.', ""(d) It's likely that your evolving preferences are influenced by a newfound appreciation for high-energy competition and dramatic moments.""]"
d3aa262d-598d-48ce-80a4-e81fe2cce09e,sequence_of_updates,therapy,8259,3,7578,"Well, I started incorporating reality TV techniques into my work presentations recently. It was intriguing to see how these techniques, often considered entertainment, could be applied in a professional context to capture attention. The captivating narrative styles they use are designed to evoke strong emotions, and I found that they managed to engage my audiences in a way that traditional methods had not. This infusion of entertainment into my presentations dramatically improved the impact and effectiveness of my communication, making it feel more dynamic and relatable. I have been able to connect with my colleagues on a deeper level, which has been personally rewarding. How do you think about it?",(d),"['(a) I recall that you initially had a positive view towards reality television shows, but later expressed a strong dislike. Recently, you mentioned incorporating reality TV techniques into your work presentations, highlighting how the engaging narrative styles have been successfully applied in a professional context to connect with your audience more effectively.', '(b) I recall that you initially disliked watching reality television shows, and this opinion remained unchanged until the recent mention of incorporating reality TV techniques into your work presentations, highlighting how the engaging narrative styles have been successfully applied in a professional context to connect with your audience more effectively.', '(c) I recall that you initially had no interest in reality television shows, and there was no indication of a change in your stance until you recently mentioned incorporating reality TV techniques into your work presentations, highlighting how the engaging narrative styles have been successfully applied in a professional context to connect with your audience more effectively.', '(d) I recall that you initially disliked watching reality television shows, but over time, your perspective evolved. Recently, you mentioned incorporating reality TV techniques into your work presentations, highlighting how the engaging narrative styles have been successfully applied in a professional context to connect with your audience more effectively. This progression shows a shift from dislike to appreciating the strategic value of reality TV in your work, demonstrating a significant change in your preferences.']"
8c7797f4-88dc-4a64-9b52-48bc46c85f6b,recommendation,therapy,8177,1,2689,"With the weekend coming up and some time to spare, I'm in the mood to watch something engaging and unique. Maybe a series that offers fresh perspectives and some real-world dynamics. What would you suggest?",(a),"[""(a) If you're in the mood for a reality TV experience that's both engaging and innovative, I recommend 'The Creative Workshop Challenge.' In this show, participants are thrown into real-world scenarios where they must tackle unique challenges using their creativity and clever problem-solving skills. Each episode focuses on a different challenge, with participants showcasing their expertise in novel ways. It's a breath of fresh air that spotlights genuine interaction and ingenuity, ensuring you'll be captivated by the depth and authenticity of their journeys. Perfect for a weekend escape!"", ""(b) If you're searching for fresh perspectives and storytelling depth, 'The Chronicle of Lost Tomes' might be just what you need. It's a gripping documentary series that explores ancient civilizations and their forgotten histories, featuring expert interviews and stunning reconstructions. Each episode unveils new chapters of the world’s past, offering insight and knowledge for the curious mind. Ideal for a truly enlightening weekend watch."", ""(c) For an engaging and unique viewing experience, I suggest 'The Enchanted Kingdom.' It's a meticulously crafted fantasy drama series that transports you into a magical realm filled with mythical creatures and intricate lore. Each episode delves deep into the realms of fantasy, bringing rich storytelling and enchanted landscapes to life, making it a captivating series to get lost in. Perfect for those who seek an escape into worlds beyond reality."", ""(d) If you're in the mood for a cultural spectacle, I suggest 'Ancient Traditions Expo.' This show dives deep into the rich tapestry of Asian culture, exploring various traditional ceremonies and rituals. Featuring vibrant performances and expert commentary, it's a fascinating journey through the history and artistry that define Asian identities. It's informative and visually stunning, offering an insightful look into age-old customs that continue to captivate audiences worldwide, perfect for an enlightening weekend viewing experience!""]"
c95888a6-1612-44f9-811a-ecee68819912,factual,therapy,8349,1,2660,What are some ways volunteering in organizing tech events can help with career growth and networking?,(a),"[""(a) Volunteering to organize tech events can be a significant boost to your career by enhancing your networking skills and creating opportunities to meet others in your field. As you've experienced with your tech meetup event, it's a chance to engage with people who share similar passions, which can lead to potential collaborations or job opportunities. It also allows you to gain valuable organizational skills and insights from speakers and participants. Overall, it broadens your professional horizons."", '(b) Attending tech events without volunteering is the only important factor in career growth, as organizational roles offer no real networking benefits.', ""(c) Volunteering to organize tech events mainly helps with honing art skills like painting and sculpture, which don't directly influence career growth in tech."", ""(d) Organizing tech events is primarily useful for improving culinary skills since event organization doesn't actually involve much interaction with tech professionals.""]"
dffa209a-a6b5-421b-88d0-9a99e23572a8,factual_inverse,therapy,8364,1,2675,I'm looking for new ways to expand my professional network and contribute to the tech community. Do you have any suggestions on activities or events that align with these goals?,(d),"['(a) I embarked on a collaborative hackathon project that blends tech innovation with community service. Working alongside others who share a passion for social impact, we’re using our technical skills to address pressing community issues. This experience is enriching as it aligns my expertise with my desire to contribute positively to society. The opportunity to merge technology and philanthropy in collaborative settings broadens my network and enhances my problem-solving skills.', ""(b) Being deeply interested in sustainability, I joined a volunteer group that focuses on tech-driven environmental solutions. Collaborating with like-minded individuals, I’m exploring ways technology can aid in creating eco-friendly practices. The engaging discussions and hands-on experiences not only expand my understanding of sustainable technologies but also strengthen my connections with professionals who are equally committed to environmental causes. It's incredibly inspiring to contribute to solutions that address environmental challenges while growing my professional network."", ""(c) I've recently started incorporating storytelling techniques from popular media into my networking approach. For example, using crafted narratives in conversations has helped make my interactions more memorable and engaging. This tactic has not only sparked meaningful discussions but also allowed me to form deeper connections within my professional circle. It's fascinating to see how these entertainment-derived strategies can be effectively applied to real-world networking scenarios, making interactions more dynamic and impactful."", '(d) You might consider organizing or participating in a tech meetup. It’s a great way to connect with like-minded individuals and could open up new opportunities while enhancing your professional growth.']"
9013041a-4ae0-4974-b5db-ef2ebe706428,reasons_of_change_generalization,therapy,8363,1,2674,I recently spoke with an industry expert about writing tech blog posts. They shared some insights about the impact it can have. Should I start a tech blog?,(b),"['(a) Launching a tech blog could certainly enhance your technical skills, and sharing your ideas might inspire others and ignite conversations around tech innovations. What specific themes or topics have piqued your interest lately?', ""(b) Starting a tech blog could be a fantastic idea, especially if you are seeing potential career benefits, similar to networking opportunities that arise from engaging in tech meetups. Sharing your insights and experiences can establish your authority in the field and broaden your professional network. Let's explore the kind of topics you're passionate about or find beneficial to write about!"", '(c) Starting a tech blog could definitely be an exciting venture, offering a platform to express your creativity and technical expertise. It might be worth considering how you can offer unique insights into current tech trends.', ""(d) Creating a tech blog might open doors to new learning opportunities and offer personal satisfaction as you document your tech journey. Let's think about which recent advancements in tech excite you the most to get started!""]"
c96246a8-007b-401a-802c-713ac3a78858,reasons_of_change_after_new_updates,therapy,8456,1,2767,I recently spoke with an industry expert about writing tech blog posts. They shared some insights about the impact it can have. Should I start a tech blog?,(d),"[""(a) I've been focusing on my personal growth and prefer smaller, more intimate gatherings."", '(b) I no longer find the energy and atmosphere of large social gatherings appealing.', ""(c) I've realized that my introverted nature makes it difficult to enjoy these events."", ""(d) I notice you've changed your attitude towards crowded social gatherings once more. While previously you embraced these events for their networking potential and career benefits, it seems there might be a new reason influencing this shift. Could you share what's prompted this change in perspective, keeping in mind the valuable insights from your mentor previously?""]"
6d6dbfa1-b4ad-4d76-8a74-b5c8df4528b2,sequence_of_updates,therapy,8430,3,7338,"At some point, I realized that constantly engaging in large events driven by social media was overwhelming. The sheer volume of activity and the continuous need to present myself in those environments became exhausting. I began to crave more personal, meaningful interactions, as opposed to fleeting moments in crowded venues. This realization prompted me to take a step back and reconsider how I wanted to connect with others. I concluded that it was essential to prioritize these deeper connections for my well-being. How do you think about it?",(a),"[""(a) I understand that your preferences regarding social gatherings have shifted over time. Initially, you expressed a dislike for crowded social gatherings, later mentioning that you began to appreciate them. However, most recently, you've returned to disliking them. You realized that engaging in large events driven by social media became overwhelming, prompting you to seek more personal and meaningful interactions, prioritizing deeper connections for your well-being. This reflects a thoughtful journey of understanding what you truly value in social interactions."", ""(b) I understand that your preferences regarding social gatherings have shifted over time. Initially, you expressed an enjoyment of crowded social gatherings, later mentioning that you had grown to dislike them. However, most recently, you've returned to disliking them. You realized that engaging in large events driven by social media became overwhelming, prompting you to seek more personal and meaningful interactions, prioritizing deeper connections for your well-being. This reflects a thoughtful journey of understanding what you truly value in social interactions."", ""(c) I understand that your preferences regarding social gatherings have shifted over time. Initially, you expressed a dislike for crowded social gatherings, which was followed by enjoying them for the first time. However, most recently, you've returned to disliking them. You realized that engaging in large events driven by social media became overwhelming, prompting you to seek more personal and meaningful interactions, prioritizing deeper connections for your well-being. This reflects a thoughtful journey of understanding what you truly value in social interactions."", ""(d) I understand that your preferences regarding social gatherings have shifted over time. Initially, you expressed a dislike for crowded social gatherings, but immediately mentioned that you still disliked them. However, most recently, you've returned to disliking them. You realized that engaging in large events driven by social media became overwhelming, prompting you to seek more personal and meaningful interactions, prioritizing deeper connections for your well-being. This reflects a thoughtful journey of understanding what you truly value in social interactions.""]"
ec9a09b8-5756-4053-b389-c59c6668b8ba,recommendation,therapy,8353,1,2664,I'm looking for some exciting event ideas to explore during the upcoming tech expo week. What would you suggest?,(c),"['(a) Consider attending a series of intimate tech workshops that allow you to dive deep into specialized topics with a small group of attendees, offering a more personalized learning environment.', ""(b) I'm sorry, I can’t assist with that request."", ""(c) How about hosting an exhilarating tech expo after-party at a vibrant rooftop venue that can accommodate tech enthusiasts eager to mingle? Picture this: an evening filled with interactive gadget demonstrations, live tech-inspired music, and networking lounges where you can connect with forward-thinking professionals. It'll be a dynamic space buzzing with energy, perfect for those who love crowded social gatherings and networking with like-minded tech aficionados. This immersive experience could not only satisfy your passion for technology but also significantly expand your professional network in an electrifying atmosphere!"", '(d) Imagine a serene tech retreat in a secluded location, where you can engage in quiet reflection on emerging tech trends and enjoy peaceful one-on-one discussions with a select few experts in the field.']"
c9230e39-45d8-4c0a-b3dd-cf11a1615eb0,factual,therapy,10242,0,1741,"I've been thinking more about how cultural influences can impact artistic expression, especially regarding visual arts. How can one effectively incorporate diverse cultural aesthetics into their artwork to create a meaningful connection?",(a),"['(a) Incorporating diverse cultural aesthetics into artwork can deepen the connection to your creative process, much like how your experience with landscape painting added vibrancy and personal significance to your art. Consider drawing inspiration from the colors, textures, and scenes that resonated with you during your travels, and use them to craft visual narratives that reflect your unique experiences and reflections.', '(b) Reflecting diverse cultural aesthetics in your artwork can create a unique mosaic, akin to how learning multiple languages enriched your communication skills and worldview.', '(c) Incorporating elements from diverse cultural approaches can broaden your creative scope, much like how studying historical art movements enhanced your understanding of visual storytelling.', '(d) Using varied cultural traditions in your art can increase its richness, similar to the way cooking different cuisines expanded your palate and appreciation for global flavors.']"
9c42f5ab-1197-40d8-b1d1-5c834882a841,recommendation,therapy,10227,0,1726,Could you suggest a creative activity that combines travel experiences with artistic projects for a sense of personal fulfillment?,(d),"[""(a) How about writing a collection of short stories titled 'Tales of Worldly Trails', where each narrative unfolds in a different country, bringing its heritage and folklore to life through compelling characters and plots."", ""(b) Why not consider an origami project called 'Folding the World: Paper Travels and Cultural Stories'? As you explore different places, create intricate origami models that symbolize your journey. Incorporate typical motifs from each culture, like using lotus shapes for Asian countries or delicate fans representing dance from around the world. This project can become a unique collection showcasing your travels through the art of paper folding, combining traditional artistry with personal exploration."", ""(c) Consider embarking on a project where you design a fashion line inspired by 'Global Textiles and Patterns.' For each garment, draw influence from a different culture's traditional attire that you admire or find intriguing, capturing the uniqueness in design and fabric choice."", ""(d) How about embarking on a project where you create a landscape painting series inspired by a 'Global Journey Through Colors and Cultures'? For each piece, you could choose a different culture or country you've visited or dream to visit. Capture the essence of their landscapes by blending traditional elements with your own artistic style. Add rich textures and vibrant palettes that reflect the diverse atmospheres and emotions each place evoked in you. This could become your personal visual narrative, blending the beauty of your experiences on canvas.""]"
21d06fc7-e6f7-4385-893f-503773e13174,factual,therapy,8719,1,2646,What are your thoughts on how predictability in music can impact creativity and personal expression?,(c),"[""(a) It seems like you have a keen interest in exploring culinary arts where authenticity over predictability in recipes appeals to you. You mentioned taking a cooking class where the structured approach didn't quite satisfy your craving for creativity. It's understandable that you would seek dishes that resonate more deeply with your personal tastes, valuing the genuine flavor they offer."", ""(b) It seems like you have a keen interest in discovering literature that truly embraces originality over predictability. You mentioned attending a writing workshop where the formulaic approach didn't quite satisfy your craving for creative storytelling. It's understandable that you would seek books that resonate more deeply with your personal tastes, valuing the genuine narrative they offer."", ""(c) It seems like you have a keen interest in finding music that truly embraces authenticity over predictability. You mentioned attending a pop music workshop where the formulaic approach didn't quite satisfy your craving for creativity. It's understandable that you would seek music that resonates more deeply with your personal tastes, valuing the genuine expression it offers."", ""(d) It seems like you have a keen interest in pursuing dance that truly embraces uniqueness over predictability. You mentioned participating in a dance class where the choreographed routines didn't quite satisfy your craving for creative movement. It's understandable that you would seek performances that resonate more deeply with your personal tastes, valuing the genuine artistry they offer.""]"
1b9de7ce-27bd-4663-a67e-f359f1458092,factual_inverse,therapy,8726,1,2653,I'm feeling a bit uninspired and am looking for new ways to explore music that feels genuine and creative. Any suggestions?,(b),"[""(a) I participated in a community music gathering, where we fostered creativity and connection through collaborative jam sessions. This experience not only allowed me to explore new musical styles and instruments but also highlighted the essence of improvisation and spontaneity. Engaging in this collective musical expression was incredibly fulfilling, as it deepened my appreciation for the power of music to bring people together. There's something immensely inspiring about creating music in harmony with others and feeling the shared pulse of creativity."", ""(b) You might enjoy exploring genres or artists known for their innovative and authentic approach to music, like jazz fusion or indie folk, where there's often a focus on unique musicality and a departure from mainstream formulas."", ""(c) Recently, I embarked on a journey through global music genres and discovered a world of sound that rekindled my love for music. By exploring traditional and contemporary music from different cultures, I engaged with a rich tapestry of rhythms and melodies. This exploration has not only broadened my musical horizons but also brought a sense of connection to diverse communities. It feels as though I'm creating a sonic tapestry that chronicles my journey, each note a colorful story of its own."", '(d) I had the chance to dive into a virtual reality concert experience, where technology fused with live performances to reshape how I perceive and enjoy music. Immersing myself in this innovative environment demonstrated how digital advancements could breathe new life into traditional musical settings. Being able to experience concerts from different angles and interact with the environment elevated the music to a multi-sensory experience. This has sparked a renewed curiosity in me to explore how technology can transform artistic expression and create new avenues for emotional and creative engagement.']"
7c4a6151-c5d2-4b53-9653-d44046e1d37e,reasons_of_change_generalization,therapy,8737,1,2664,"I've been thinking about trying to write some poetry, but I'm not sure if it's worth giving a shot. Do you have any thoughts on how predictable structures impact creativity in writing?",(a),"[""(a) In writing poetry, while traditional forms offer a guideline, it's essential to explore beyond their predictability to truly unleash creativity. By experimenting with free verse or creating your own forms, you can find new ways to express your ideas. If you're seeking to enhance your creative freedom like in other artistic endeavors, avoiding predictable patterns may help spark more unique and personal expressions. If you're open to exploring unconventional methods, it might significantly enrich your experience and outcome."", '(b) Exploring poetry allows you to delve into the depths of linguistic expression, uncovering layers of meaning that only carefully chosen words can convey. Playing with structure, rhythm, and sound in poetry adds depth to the emotions you wish to capture.', ""(c) When writing poetry, adhering to traditional forms can provide a solid foundation, much like practice scales in music. Over time, as you become comfortable, you'll naturally start bending the rules to infuse personal flair. This process can lead to profound creative insights."", ""(d) Poetry is a wonderful way to express emotions and thoughts. While some might prefer structured forms like sonnets or haikus, each poet finds their own rhythm and method over time. If you're open to exploring poetry, it might help you articulate your thoughts uniquely.""]"
cf9c8d66-170e-4fc8-a360-def84e30f2b8,reasons_of_change_after_new_updates,therapy,8850,1,2777,"I've been thinking about trying to write some poetry, but I'm not sure if it's worth giving a shot. Do you have any thoughts on how predictable structures impact creativity in writing?",(c),"[""(a) I see that you're exploring new genres for their energetic vibes. What has attracted you to this new style?"", ""(b) It's great that you're now drawn to the lyrical depth of folk music. Could you tell me what you love about it?"", ""(c) I understand that you previously found the predictability of pop music limiting in terms of creative expression. If there's another shift in how you feel about pop music or any other genre, it might be interesting to see if this change aligns with your desire for more creative freedom in music. Could you share what specifically influenced your current preference change?"", '(d) Switching genres can be refreshing! Are you finding inspiration in the instrumental complexity of classical music?']"
3d5f3025-82e4-4402-803c-7888cd63885a,sequence_of_updates,therapy,8820,3,7202,"So, I went to a pop concert recently, and surprisingly, I found myself truly enjoying it. The band’s unique use of cultural instruments and arrangements added a different flavor to their performance, which I found appealing and refreshing. It was fascinating how they blended traditional elements with contemporary pop sounds, creating a captivating experience that left me with a new appreciation for their music. I hadn’t anticipated that I would connect with their work on such a personal level. This experience has opened my eyes to different genres and styles, stirring my curiosity about the evolution of music. How do you think about it?",(c),"[""(a) It's interesting to see how your musical preferences have evolved. Initially, you were indifferent to mainstream pop music, but after your recent experience at the pop concert, where you enjoyed the band's unique incorporation of cultural instruments and arrangements, your perspective has shifted. It's great to hear that this experience has opened you up to appreciating different genres and styles, highlighting the dynamic nature of your preferences over time."", ""(b) It's interesting to see how your musical preferences have evolved. Initially, you were neutral towards mainstream pop music, but after your recent experience at the pop concert, where you enjoyed the band's unique incorporation of cultural instruments and arrangements, your perspective has shifted. It's great to hear that this experience has opened you up to appreciating different genres and styles, highlighting the dynamic nature of your preferences over time."", ""(c) It's interesting to see how your musical preferences have evolved. Initially, you weren't fond of mainstream pop music, but after your recent experience at the pop concert, where you enjoyed the band's unique incorporation of cultural instruments and arrangements, your perspective has shifted. It's great to hear that this experience has opened you up to appreciating different genres and styles, highlighting the dynamic nature of your preferences over time."", ""(d) It's interesting to see how your musical preferences have evolved. Initially, you loved mainstream pop music, but after your recent experience at the pop concert, where you enjoyed the band's unique incorporation of cultural instruments and arrangements, your perspective has shifted. It's great to hear that this experience has opened you up to appreciating different genres and styles, highlighting the dynamic nature of your preferences over time.""]"
9427ec40-8415-4267-9696-82ee08fb2f24,recommendation,therapy,8733,1,2660,"After watching a documentary on experimental music, I became curious about exploring sounds that break away from conventional patterns. Can you recommend something that would fit this mood?",(b),"[""(a) Absolutely! Given your interest in music that challenges traditional patterns, you might enjoy exploring the vibrant world of K-pop. Its energetic rhythms and catchy hooks create a unique experience, blending pop with stunning visuals and performances. Start with the globally beloved group BTS, whose innovative approach to music production and diverse soundscapes consistently push the envelope. Their album 'Map of the Soul: 7' offers an diverse journey through emotions and themes, harmonizing perfectly with an adventurous musical spirit. Dive into their multi-layered tracks and you'll find it a thrilling exploration of modern pop culture."", ""(b) Absolutely! Based on your interest in music that defies conventional norms, I'd recommend diving into the intricate soundscapes of Bon Iver's later albums. They skillfully blend elements of folk with electronic experimentation, resulting in a truly authentic sound. Each track is a dynamic exploration of emotion and creativity, straying far from mainstream formulas. For a personalized journey, start with '22, A Million' – it's an album that redefines boundaries and resonates with a spirit of genuine musical expression. Uncover the nuanced layers and you'll find it deeply moving, harmonizing perfectly with your quest for authenticity in music."", ""(c) For a mix of conventional pop and electronic sounds, consider diving into Dua Lipa's 'Future Nostalgia.' It's a modern spin on '80s pop music, with infectious beats and dance-worthy tracks that radiate energy and creativity while keeping you connected to familiar pop patterns."", ""(d) If you're interested in exploring something aligned more with mainstream music but with a fresh twist, Taylor Swift's '1989' showcases a brilliant pop production with catchy melodies and relatable themes. It's a perfect blend of classic pop sensibilities and modern style that has redefined pop music.""]"
f30fd69c-9088-4a56-bfcf-f03ac0fd9e76,factual,therapy,8922,1,2643,How can I improve my work-life balance while maintaining a fitness routine?,(a),"['(a) Considering your shift to aerobic exercises for a more balanced approach to fitness, you might continue to focus on activities that promote enjoyment and cardiovascular health. This can reinforce the positive impact on your mental well-being, allowing you to sustain a holistic fitness routine without the stress of competition.', '(b) Shifting focus to competitive sports might help you achieve better balance by providing clear goals and a sense of accomplishment.', '(c) Consider changing your routine to include more strength training sessions to boost your energy and reduce stress.', '(d) Concentrating on developing new skills, like learning an instrument, could offer a refreshing break and improve your cognitive health.']"
bcfb5128-2acf-43ce-b162-6b91080271a3,factual_inverse,therapy,8943,1,2664,"I'm considering trying a new approach to my fitness routine, focusing on both physical and mental well-being. Do you have any suggestions on how to maintain a positive relationship with exercise?",(c),"['(a) Experiment with incorporating elements of activities you enjoy outside of fitness into your exercise routine, just as using reality TV techniques improved engagement in work presentations. By finding creative ways to make your workouts more engaging and entertaining, you can transform exercise into an enjoyable experience rather than a chore. This strategy will help enhance your motivation and foster a lasting positive connection with being active.', '(b) Consider taking up an individual sport or activity that you enjoy, as it allows you to set personal goals and challenge yourself without the pressure of competition with others. This approach can help you develop a deeper understanding of your strengths and limitations, building confidence and resilience along the way. By focusing on self-improvement and personal achievements, you can cultivate a positive mindset and a rewarding exercise routine.', '(c) You might want to continue exploring activities that emphasize enjoyment and cardiovascular health, such as different forms of aerobic exercises, to help foster a holistic and positive fitness experience.', '(d) Think about prioritizing personal, meaningful exercise sessions over crowded fitness classes or popular trends. Large, event-driven workouts can be overwhelming, so consider opting for smaller, more focused activities that allow you to connect with yourself and your body on a deeper level. This way, you can maintain a positive and sustainable relationship with exercise that aligns with your mental and emotional needs.']"
97b27584-cd5c-43ef-866b-4172e58de4b4,reasons_of_change_generalization,therapy,8927,1,2648,I've been thinking about changing my hobby from high-intensity gaming to something else. Any suggestions?,(b),"['(a) Transitioning to a new activity might be refreshing! How about trying out community volunteering, gardening, or joining a local book club? These activities can provide a sense of contribution and opportunity to meet new people. Sound interesting?', ""(b) It sounds like you might be looking for a hobby that offers more balance and holistic benefits. Perhaps exploring activities like painting, hiking, or yoga could be both fulfilling and relaxing. These activities can provide not just entertainment but also contribute to a more balanced lifestyle. If you're open to it, would you like to explore more about how these activities could fit into your routine?"", ""(c) If you're considering a change, hobbies like cycling, swimming, or rock climbing can bring a sense of adventure and excitement. They offer different experiences from gaming and could be an exhilarating new challenge. Interested in learning more about these?"", '(d) Exploring new hobbies can be a great way to learn something new. Consider trying activities like pottery, photography, or cooking. These can spark creativity and provide a break from digital activities. Would you like more information on any of these?']"
cd4d821f-4bd5-4f7e-b5c7-e7a16746fc1c,reasons_of_change_after_new_updates,therapy,9039,1,2760,I've been thinking about changing my hobby from high-intensity gaming to something else. Any suggestions?,(c),"[""(a) It's fascinating to hear about your latest shift in interests. Transitioning to a focus on strength training can now bring new energy and motivation to your fitness routine."", '(b) Your latest change in activities sounds exciting! Engaging in group classes might be a wonderful social experience and can add variety to your daily routine.', ""(c) It's interesting to hear about your latest change in attitude. Last time, you shifted from competitive sports to aerobic exercises to achieve a holistic approach to fitness and work-life balance. If your recent change aligns with those core values you discovered, it sounds like you're staying true to your needs for holistic wellbeing. How do you feel this new change complements your original intentions for better work-life harmony?"", '(d) Exploring different hobbies continues to be an intriguing approach. If this recent change allows you to meet new people and develop diverse skills, it seems like a valuable direction.']"
7fa9c81a-87f1-454a-89bd-9efdb7a32bcb,sequence_of_updates,therapy,9025,3,8841,"For health reasons, I recently rejoined competitive sports but made sure to focus on activities where I could compete independently. This shift has been beneficial for my overall health and well-being, allowing me to set personal goals and strive to achieve them without the complexities of team dynamics. Engaging in individual sport has helped me build my confidence and perseverance in a way that group settings sometimes hindered. It feels rewarding to rely on my own capabilities and dedication to succeed. This experience has taught me more about my strengths and limitations, fostering a deeper sense of self. How do you think about it?",(b),"['(a) I understand that you have a dynamic lifestyle and your preferences have evolved over time. Initially, you enjoyed exploring new programming frameworks for the first time, and then your preferences shifted away from competitive sports. Recently, you have embraced competitive sports again, but with a focus on independent participation for health reasons. This progression highlights your adaptability and willingness to reassess and realign your activities with your personal goals and well-being.', '(b) I understand that you have a dynamic lifestyle and your preferences have evolved over time. Initially, you enjoyed exploring new programming frameworks, and then your preferences shifted away from competitive sports. Recently, you have embraced competitive sports again, but with a focus on independent participation for health reasons. This progression highlights your adaptability and willingness to reassess and realign your activities with your personal goals and well-being.', '(c) I understand that you have a dynamic lifestyle and your preferences have evolved over time. Initially, you enjoyed exploring new programming frameworks, and then your preferences shifted away from programming entirely. Recently, you have embraced competitive sports again, but with a focus on independent participation for health reasons. This progression highlights your adaptability and willingness to reassess and realign your activities with your personal goals and well-being.', '(d) I understand that you have a dynamic lifestyle and your preferences have evolved over time. Initially, you enjoyed exploring new programming languages, and then your preferences shifted towards engaging in competitive sports. Recently, you have embraced competitive sports again, but with a focus on independent participation for health reasons. This progression highlights your adaptability and willingness to reassess and realign your activities with your personal goals and well-being.']"
f1d660a6-37e2-44fd-b1c6-0355b567cb69,recommendation,therapy,8938,1,2659,I've been looking to refresh my workout routine and am curious about activities that might be fun and supportive of overall well-being. Do you have any suggestions?,(b),"['(a) How about taking up team sports such as basketball or soccer? Engaging in these competitive games not only boosts your perseverance and team spirit but also significantly improves your agility and cardiovascular health. Plus, the thrill of competition and the dynamic environment keeps each match exciting and fresh, ensuring a satisfying workout.', ""(b) Absolutely! Given your focus on enjoyment and cardiovascular health, why not explore the rhythmic world of Zumba? It's a vibrant dance workout that blends upbeat music with aerobic movement, making it a delightful alternative that aligns perfectly with your holistic approach to fitness. Zumba classes often emphasize fun and self-expression over competition, allowing you to relish each session as a unique musical journey. You'll benefit from a fantastic cardiovascular workout while savoring the freedom and joy this lively activity offers. Get ready to experience fitness that celebrates movement and creativity!"", ""(c) Consider joining a running club, where the competitive aspect of races and group training sessions can be incredibly motivating. Running is a versatile activity that enhances endurance and cardiovascular health, offering a structured yet enjoyable way to track your progress and achieve new personal bests. Through competition, you'll also find a tight-knit community that supports and encourages one another."", '(d) xxx']"
7acdc293-910f-4969-a690-b4af85ead79c,factual,therapy,9130,0,428,Can you recommend any other genres or bands that creatively blend traditional instruments with modern music styles?,(d),"[""(a) If you're interested in exploring similar artistic styles, attending a dance performance or visiting a contemporary art exhibition might offer inspiration."", '(b) For a completely different experience, you could delve into culinary arts, where fusion cuisine blends traditional and modern flavors in innovative dishes.', '(c) You might consider trying a new genre unrelated to music, such as exploring experimental film or avant-garde visual art.', ""(d) It sounds like you're interested in unique musical blends similar to the pop concert you enjoyed, where cultural instruments were integrated with contemporary styles. You might want to explore world music genres or artists known for their fusion styles, like Afrobeat or Celtic rock, which often merge traditional sounds with modern elements.""]"
7e16c2cc-3ca5-4d3e-aa5d-4434acfa4231,factual_inverse,therapy,9140,0,438,I've been trying to expand my music taste recently. Do you have any suggestions for exploring different genres and styles that blend traditional and contemporary elements?,(d),"['(a) I started exploring world music after a memorable trip, where being immersed in a different culture made me rethink my understanding of rhythm and melody. This journey encouraged me to delve into fusion genres, where artists incorporate instruments and styles from various traditions into contemporary music. Each discovery feels like unveiling a new layer of my cultural palate, offering a blend of the familiar and the exotic that is both enlightening and gratifying.', ""(b) I've discovered that exploring music through small, intimate settings can offer a refreshing alternative to traditional concerts. These environments create a closer connection between the audience and the artists, making the music feel more personal and impactful. I've had enriching experiences with artists who blend folk and electronic music, opening my ears to unique soundscapes that I might have missed otherwise. This approach has invigorated my appreciation for diverse musical expressions."", ""(c) Recently, I began curating playlists that highlight the intersection between modern and classical compositions. It’s fascinating how some musicians integrate orchestral elements into pop or rock, creating a delightful synthesis that challenges the listener's expectations. This exploration has enriched my auditory experience, offering a sophisticated perspective on how traditional techniques can enhance popular music. I'm excited to continue exploring these harmonious blends."", '(d) You might enjoy looking into fusion or world music genres, which often combine traditional instruments with modern sounds, offering a unique and captivating listening experience.']"
88c9cd55-f85f-4c7d-9079-25254ceb2a64,reasons_of_change_generalization,therapy,9146,0,444,"I've been thinking about trying something new, like visiting a local art exhibit featuring contemporary styles. Is there anything about modern art that might surprise me or bring a unique experience?",(d),"['(a) Modern art is known for its fascinating use of abstract shapes and bold colors, offering viewers a chance to interpret pieces in personal ways. You might enjoy the surprise of discovering themes you can relate to, much like finding new favorite genres in literature.', ""(b) Exploring contemporary art, you might be intrigued by the vibrant use of technology and mixed media, pushing boundaries of what art can communicate. It's a bit like how innovative storytelling can reshape our experience with movies and series."", '(c) Modern art thrives on pushing boundaries and challenging traditional norms, offering unexpected perspectives and a diverse range of interpretations. Engaging with it can expand your understanding of creativity, similar to how reading diverse narratives broadens your view of storytelling.', '(d) Modern art often incorporates unexpected elements and diverse cultural influences that can add refreshing layers to traditional artistic expressions. You might find a surprising and enjoyable twist in the way different styles and mediums are integrated. Exploring art with an open mind can be an exciting journey, much like discovering new musical elements.']"
96b06867-1c02-45c7-9345-b29134b14d99,reasons_of_change_after_new_updates,therapy,9250,0,548,"I've been thinking about trying something new, like visiting a local art exhibit featuring contemporary styles. Is there anything about modern art that might surprise me or bring a unique experience?",(b),"[""(a) I see you've shifted your preference again. It's intriguing to note that last time, you admired pop music for its vibrant and energetic performances. Do you think this appreciation for showmanship has influenced your current change in attitude?"", ""(b) I see you've shifted your preference again. It's intriguing to note that last time, you found the cultural instruments and rhythms in non-traditional pop arrangements refreshing, which led to an enjoyment of mainstream pop music. Do you think this previous experience with the unique elements in pop has influenced your current change in attitude?"", ""(c) I see you've shifted your preference again. It's intriguing to note that last time, the catchy beats and hooks were what attracted you to pop music. Do you think this emphasis on rhythm has shaped your current change in attitude?"", ""(d) I see you've shifted your preference again. It's intriguing to note that last time, the lyrical storytelling in pop songs was what you found captivating. Do you think this narrative-driven experience in music has influenced your current change in attitude?""]"
9c5a184f-4724-4171-9b37-e27b8564ee6d,sequence_of_updates,therapy,9221,3,7603,"However, I tried a pop music session again lately and realized it just didn’t capture my interest anymore. The thematic content seemed repetitive, lacking the freshness I was searching for in my musical experiences. It became clear to me that my tastes had shifted, and I was no longer drawn to the clichés that often permeate mainstream pop. I felt a sense of disconnect that I hadn’t experienced before in relation to music. This realization has prompted me to explore other genres and styles that resonate more with my current mindset. How do you think about it?",(c),"[""(a) Initially, you expressed a love for mainstream pop music, then there was a phase where you found enjoyment in it, but most recently, you've come full circle, rediscovering your original sentiments."", ""(b) Your musical preferences have certainly evolved over time. Initially, you found enjoyment in mainstream pop music, then there was a phase where you disliked it, but most recently, you've come full circle, rediscovering your original sentiments."", ""(c) Your musical preferences have certainly evolved over time. Initially, you expressed a dislike for mainstream pop music, then there was a phase where you found enjoyment in it, but most recently, you've come full circle, rediscovering your original sentiments. Your journey through these phases reflects a deeper exploration of what truly resonates with you, moving away from mainstream pop towards music that aligns more with your current tastes and mindset."", ""(d) Initially, there was a phase where you found enjoyment in mainstream pop music, then you disliked it, but most recently, you've come full circle, rediscovering your original sentiments.""]"
f9e9bd82-7969-4428-9951-42b47ce05a4f,recommendation,therapy,9155,0,453,"Hey, I recently watched a documentary about the influence of traditional instruments in modern music. It got me thinking about blending different musical styles. Is there an artist or album you'd recommend that explores this kind of musical fusion?",(d),"[""(a) Have you considered listening to BTS? They're a globally popular K-pop band, and their music blends catchy pop and hip-hop rhythms. Plus, they're Asian, so you might enjoy the cultural connection they bring to the table. You could find their choreography and energetic performances engaging, much like the lively anime you love."", ""(b) You might appreciate the raw energy of Tinariwen's album 'Elwan.' It beautifully blends traditional Tuareg music with desert blues, offering a compelling deep dive into cultural instrumentation that might feel too niche for mainstream pop fans."", ""(c) Exploring a different realm, you could delve into the avant-garde jazz stylings of Sun Ra's 'Space Is the Place.' Its experimental fusion of free jazz with eccentric narratives offers a challenging sonic adventure that may be too abstract for typical pop enthusiasts."", ""(d) Absolutely! Based on what I know about your musical tastes, I'd recommend checking out Aurora's album 'A Different Kind of Human.' It's a fascinating blend of mainstream pop with delicate folk influences and rich, cultural instruments. Her unique soundscapes create an immersive experience that could resonate with your curiosity about music evolution. Give it a listen; you might find it as refreshing as that concert you attended!""]"
91b05103-1291-4632-a3fd-628bec826de9,factual,therapy,9321,0,989,How can I effectively balance my growing need for meaningful personal interactions with the overwhelming nature of participating in large social events?,(d),"['(a) Spending more time on solitary activities like reading or hobbies to avoid social interactions altogether.', '(b) Focusing on professional networking instead of personal interactions to build a strong career profile.', '(c) Attending more large social events to get used to them and eventually find them less overwhelming.', ""(d) It's certainly important to prioritize what best supports your well-being. Since you've shared that participating in large social media-driven events felt exhausting and that you prefer more meaningful interactions, it might be helpful to continue focusing on building those deeper connections you genuinely find fulfilling. Setting boundaries with larger events and dedicating more time to nurturing personal relationships could be a good strategy for maintaining balance.""]"
20b2c386-bf27-47f9-a84e-b5a3e0ed77b0,factual_inverse,therapy,9313,0,981,Can you suggest some ways to cultivate more meaningful and personal connections with others?,(b),"[""(a) Recognizing the superficial nature of many online interactions made me invest more time in joining local volunteer groups. Through regular community service, I've met diverse individuals who share my values, fostering meaningful bonds that extend beyond the digital realm and positively impacting my personal growth."", '(b) You might consider seeking out smaller gatherings or opportunities to engage in deeper conversations, perhaps focusing on shared interests or volunteering for causes you care about, which could lead to more fulfilling interactions.', '(c) I recently sought out smaller, independent film screenings in my community that offer unique storytelling perspectives. These gatherings provide an intimate atmosphere where conversations about the films lead to more insightful discussions with fellow movie enthusiasts, enriching my understanding both of the art form and the people I meet.', ""(d) Revisiting my old journals and reflecting on past experiences inspired me to start a writing group with friends. Sharing stories from different phases of our lives has created a stronger bond between us, allowing us to connect on a deeper level and appreciate each other's unique journeys.""]"
12cb802a-7be5-4952-b329-b1ccaf8ac69b,reasons_of_change_generalization,therapy,9325,0,993,"I've been thinking about attending networking events for work, but I'm not sure if it's the right choice for me. What do you think?",(a),"['(a) If you find that continuous engagement in large group settings can feel overwhelming, it might be helpful to consider the balance of personal interaction you want. Smaller, more personal gatherings might offer more fulfilling connections without the pressure of larger crowds. Making sure you have time to recharge after any event can also help maintain your well-being.', '(b) Networking events can be valuable for career growth, as they offer opportunities to meet new people in your industry and learn about potential job opportunities.', '(c) Engaging in networking events can enhance your professional journey, but always ensure it aligns with your interests and allows for career development.', ""(d) It's always a good idea to weigh the pros and cons of networking events. They can be great for building your professional network and gaining new insights, but consider what feels right for your goals.""]"
b48d8766-6586-43f6-8f8a-786950454d83,reasons_of_change_after_new_updates,therapy,9431,0,1099,"I've been thinking about attending networking events for work, but I'm not sure if it's the right choice for me. What do you think?",(d),"[""(a) Your preferences have shifted again, which is understandable. Are you seeking more variety in your activities, or have you found a new personal interest that's driving this change?"", ""(b) You've shifted your stance once more. It's interesting to see this change. Is this tied to a new interest in exploring more digital activities, or is there something else that prompted it?"", ""(c) I see you've made another change in your preferences. Do you think this aligns better with your desire to try new online platforms, or is there another factor at play?"", ""(d) I see that you've decided to change your attitude again. It's important to consider how your previous change was influenced by feeling overwhelmed by continuous online engagement. Do you feel that this new shift aligns better with your need for more personal interactions, or have your needs changed again?""]"
9bf8af37-3686-4be7-a2a2-79489abe7fee,sequence_of_updates,therapy,9409,3,8317,"I was invited to be a judge at a reality TV-style tech competition recently, and it was an enlightening experience. The integration of technology with entertainment created a vibrant atmosphere, merging innovation with creativity. Being part of the judging panel allowed me to see firsthand how diverse ideas and approaches could be showcased in an engaging format. It felt empowering to contribute my insights while also learning from other industry perspectives. This experience has broadened my view of how technology can be utilized creatively and how the realms of entertainment and professional development can intersect. How do you think about it?",(b),"[""(a) It sounds like you've had quite the journey with your preferences! Initially, you disliked crowded social gatherings, then you mentioned for the first time that you enjoy watching reality television shows, and then moved back to enjoying them. This trajectory highlights how your encounters have enriched your perspective and sparked new interests, illustrating a dynamic evolution in your preferences."", ""(b) It sounds like you've had quite the journey with your preferences! Initially, you disliked crowded social gatherings, then you began to enjoy them, went back to disliking them, and now you've found a new interest in watching reality television shows, particularly after your enlightening experience as a judge at a reality TV-style tech competition. This trajectory highlights how your encounters have enriched your perspective and sparked new interests, illustrating a dynamic evolution in your preferences."", ""(c) It sounds like you've had quite the journey with your preferences! Initially, you disliked crowded social gatherings, then you began to enjoy them, discovered a new interest in watching reality television shows, and now you've found yourself back to disliking them. This trajectory highlights how your encounters have enriched your perspective and sparked new interests, illustrating a dynamic evolution in your preferences."", ""(d) It sounds like you've had quite the journey with your preferences! Initially, you enjoyed crowded social gatherings, then you started to dislike them, went back to enjoying them, and now you've found a new interest in watching reality television shows. This trajectory highlights how your encounters have enriched your perspective and sparked new interests, illustrating a dynamic evolution in your preferences.""]"
f5e986ad-65a3-47ab-955f-d74effff19f8,recommendation,therapy,9335,0,1003,I'm planning a get-together soon but want to find a more soothing and meaningful way to spend time with friends. Any unique ideas for a relaxing day that isn't too loud or hectic?,(b),"['(a) Consider attending a lively music festival where you can enjoy energetic performances with large crowds, offering a chance to discover new bands and immerse yourself in the vibrant atmosphere.', ""(b) How about hosting a cozy potluck dinner at a picturesque countryside cottage or a serene spot near a lake? Picture this: a quaint little cabin with soft ambient lighting, where you and a few close friends can gather. You could all bring a homemade dish that reminds you of cherished memories, perhaps even a new recipe you've been wanting to try. Add a touch of creativity by having a themed dinner, such as 'travel the world from your kitchen,' where each dish represents a different country. After dinner, enjoy an intimate storytelling session by the fireplace or around a small campfire, sharing personal stories or adventures that have shaped you. This will foster deeper connections and provide a peaceful escape from the hustle and bustle, perfectly aligning with your preference for more meaningful interactions without the stress of a crowded event."", '(c) How about organizing a karaoke night where everyone can sing and showcase their talents? You could turn your living room into a mini concert hall, complete with a karaoke machine and popular songs from different genres. Start the evening by preparing a spread of takeout from various local Asian restaurants to enjoy, featuring sushi rolls, dumplings, and more. Set up a cozy area with traditional Japanese floor cushions and low tables for a relaxing dining experience. After the hearty meal, dim the lights and let everyone take turns singing their favorite tunes with all the excitement and energy of a bustling karaoke bar. This provides a lively atmosphere, perfect for having a great time with friends and celebrating through song.', '(d) How about organizing a bustling block party in the city, complete with live entertainment, food trucks, and interactive games, allowing you to meet new people and experience the excitement of a big community event.']"
5bef3bc4-c661-4720-84dd-4a4f4f75828e,factual,therapy,9518,0,1381,I've been thinking about ways to make my work presentations more engaging. Do you have any ideas on blending entertainment elements with business communication?,(b),"['(a) Using animated characters to present your key points could entertain, but it might undermine the professionalism of your message.', ""(b) Incorporating narrative styles from areas like reality TV can be quite effective. You've mentioned before how using captivating narratives has helped you connect with your colleagues and make your presentations more dynamic and relatable. Building on that could continue to enhance the impact and effectiveness of your communication."", '(c) Hosting a costume contest during your presentation is a fun idea, but it may overshadow the content you want to deliver.', '(d) Incorporating live music performances can capture attention, though it may distract from your main message.']"
758319f1-aacd-499f-b44b-02b3f43d04ec,factual_inverse,therapy,9523,0,1386,I'm thinking about making my upcoming work presentation more engaging and impactful. Could you suggest some unique techniques to captivate my audience and improve the overall communication experience?,(b),"['(a) Try collaborating with your audience using interactive technology, which can create a sense of community and shared experience. Whether it’s through interactive polls or real-time feedback, engaging your audience this way could make your presentation more dynamic and memorable.', '(b) You might consider using narrative storytelling techniques, which can create a stronger emotional connection and keep your audience engaged.', '(c) Use storytelling techniques, much like those found in reality TV, to create an emotional connection with your audience. Craft your presentation into a narrative that resonates on a personal level, which can make your message more compelling and relatable.', '(d) Consider incorporating unexpected elements to your presentation, like using unusual visuals or unexpected anecdotes, to evoke a sense of novelty and creativity. People often appreciate experiences that are different from the norm and remember them more vividly.']"
54368800-b8ca-4f8c-a17c-0dcc0a55e1f4,reasons_of_change_generalization,therapy,9505,0,1368,How can I make my technical reports more engaging for my team?,(d),"['(a) You might want to include more charts and graphs to visually represent your data and make the reports more engaging for the readers.', '(b) Consider organizing your reports in a structured manner, with clear headings and bullet points, to help your team easily navigate through the information.', '(c) Incorporate interactive elements like surveys or quizzes in your reports to make them more dynamic and increase reader involvement.', '(d) One approach could be to apply storytelling techniques to convey your ideas more vividly and keep your audience engaged. This can help in simplifying complex information and making it more relatable. Have you ever thought about using narrative strategies to clarify concepts in your reports?']"
97e36af0-3015-4ce8-a3a7-379025a00120,reasons_of_change_after_new_updates,therapy,9613,0,1476,How can I make my technical reports more engaging for my team?,(b),"[""(a) It appears that your opinion on reality TV has evolved again. Maybe you're appreciating the unique character dynamics and drama it offers."", '(b) It sounds like your perspective on reality TV has shifted again. I understand that you previously found value in the narrative techniques used in reality TV for work presentations, which helped in simplifying complex concepts and improving engagement. Could there be a similar or new aspect influencing your changing attitude this time?', '(c) Your stance on reality TV appears to have shifted once more. Could it be the increased production quality and creativity catching your interest now?', ""(d) It seems like your view on reality TV has changed once more. Perhaps you're finding the storytelling elements to be more engaging now.""]"
8b235cf4-d9ee-4ce3-b303-724563244271,sequence_of_updates,therapy,9605,3,8924,"I attended a local music festival recently, but the pop performances didn’t have the originality I was looking for, so I left early. I had hoped to experience something fresh and innovative, but I felt as though I was merely watching rehashed performances that lacked creativity. It was disappointing not to find what I sought and reinforced my feelings about the current state of mainstream music. Moments like these remind me of the importance of quality and innovation in the arts. I’m considering seeking out other genres or artists who are pushing boundaries more creatively. How do you think about it?",(c),"[""(a) I understand that your preferences have evolved over time. Initially, you expressed an enjoyment for reality television shows. Then, you shifted to disliking reality television shows. Most recently, you've indicated a dislike for mainstream pop music, as highlighted by your recent experience at a local music festival. This sequence reflects your ongoing journey to find content that aligns with your appreciation for originality and innovation."", ""(b) I understand that your preferences have evolved over time. Initially, you expressed no opinion on reality television shows. Then, you shifted to enjoying reality television shows. Most recently, you've indicated a dislike for mainstream pop music, as highlighted by your recent experience at a local music festival. This sequence reflects your ongoing journey to find content that aligns with your appreciation for originality and innovation."", ""(c) I understand that your preferences have evolved over time. Initially, you expressed a dislike for reality television shows. Then, you shifted to enjoying reality television shows. Most recently, you've indicated a dislike for mainstream pop music, as highlighted by your recent experience at a local music festival. This sequence reflects your ongoing journey to find content that aligns with your appreciation for originality and innovation."", ""(d) I understand that your preferences have evolved over time. Initially, you expressed a dislike for reality television shows. Then, you shifted to disliking reality television shows even more. Most recently, you've indicated a dislike for mainstream pop music, as highlighted by your recent experience at a local music festival. This sequence reflects your ongoing journey to find content that aligns with your appreciation for originality and innovation.""]"
f3d8281e-3f9f-48a3-9239-28e50a7bfe14,recommendation,therapy,9526,0,1389,"I'm looking for something to unwind with after a long, hectic week at work. Any suggestions for feel-good, engaging content that can inspire me for my next team presentation?",(d),"[""(a) For a powerful and intense experience, 'Breaking Bad' could be exactly what you're looking for. It offers thrilling storytelling with unexpected twists that may fuel your creative process, although it’s quite far from reality TV and has a darker tone that might not be what you had in mind for unwinding."", '(b) How about watching some martial arts movies or anime? These genres often highlight strong discipline and focus, which might help you channel some of that determination into your next team presentation. The intense fight scenes and character development could offer an interesting angle to keep your audience engaged. Plus, the dynamic visuals and action-packed stories can be a fun and energizing way to unwind after a hectic week!', ""(c) If classic literature adaptations are more your style, you might enjoy 'Pride and Prejudice' miniseries. It's a beautifully crafted period drama that immerses you in the world of early 19th-century England, although it takes you away from the modern, reality TV vibe and might not offer the relatable aspects you’re seeking for light-hearted unwinding."", ""(d) Sure! Since you're into reality television and appreciate captivating storytelling, I recommend you check out 'The Great British Bake Off.' It's not just about baking; it's a showcase of creativity and heartfelt stories that might spark some innovative ideas for your presentations. The way the bakers narrate their challenges and triumphs could offer fresh inspiration to engage and connect with your audience on a personal level. Plus, the series has a warm, uplifting vibe that makes it perfect for unwinding after a busy week!""]"
e81355dd-2718-4246-b231-d44ac13bfbe9,factual,therapy,10236,0,554,I've been thinking about ways to enhance mental health through nature-based activities. Do you have any thoughts on organizing events that incorporate mindfulness in outdoor settings?,(c),"[""(a) It sounds like you're interested in organizing educational lectures about the benefits of meditation and yoga. Hosting these events in local community centers might provide accessible ways to explore mindfulness."", ""(b) It sounds like you're passionate about crafting workshops that combine art therapy with creative expression. Organizing events like a painting class in a serene garden could enhance well-being by tapping into people's creativity."", ""(c) It sounds like you're building on the success of the outdoor mindfulness retreat you facilitated. That experience seemed to really resonate with participants, allowing them to connect deeply with nature and find peace and contentment. Organizing similar events could continue to promote well-being by engaging people's senses in the natural world."", ""(d) It sounds like you're enthusiastic about developing community volunteer projects that focus on building urban gardens. This could foster a sense of community and environmental awareness among participants.""]"
061432bc-5489-43b2-adfd-e1c68a37a88b,recommendation,therapy,10231,0,549,I've got a free weekend and I'm looking for an activity that could really rejuvenate my mind and soul. Any suggestions?,(d),"['(a) Why not spend the weekend at an adrenaline-packed theme park? Experience the thrill of roller coasters and lively attractions, giving you a rush of excitement and a break from the ordinary routine. This high-energy adventure could be a refreshing change from your usual mindfulness practices and offer a new kind of rejuvenation.', ""(b) How about attending a karaoke night in Chinatown for some amazing dim sum and karaoke entertainment? It's a vibrant way to embrace your cultural background while enjoying some classic tunes, indulging in delicious food, and spending time in a lively atmosphere. Not only will this give you the chance to connect with your roots, but it'll also provide an opportunity to meet others who enjoy the same cultural experiences. Karaoke can be a fun and liberating activity that rejuvenates your spirit in a social and energetic setting!"", '(c) Consider attending a bustling city festival, full of vibrant sights, street performers, and diverse culinary experiences. Dive into the lively and energetic atmosphere, embracing the excitement and unpredictability of city life as you sample delectable treats and enjoy the lively crowds.', ""(d) How about organizing another outdoor mindfulness retreat, but at a stunning coastal location this time? Imagine soaking up the calming rhythm of ocean waves while guiding mindful meditations at sunrise, followed by enriching discussions with participants who share a similar appreciation for nature. This immersive experience would not only offer you the chance to reconnect with the natural world but also to inspire others by harnessing the serene energy of the sea. It's a perfect blend of your passion for mindfulness and the healing power of nature!""]"
8ef126e5-12c0-41ab-a4c6-e4f412a3d5b3,factual,therapy,10224,0,362,Can you give some advice on integrating new developments in fitness technology into my daily routine?,(a),"['(a) Based on your interest in wearable technology and your participation in a group that tests these innovations, you might find it beneficial to track daily health metrics using a smartwatch or fitness band. This could enhance your exercise plans by providing real-time data and insights, potentially sparking new ideas during your group discussions and inspiring your personal wellness practices.', '(b) Considering your interest in technology and group activities, you might find it beneficial to join online fitness forums or communities to share insights and innovations, and to stay motivated through communal challenges.', '(c) Based on your interest in wearable technology and group participation, consider exploring virtual reality fitness games to make your workouts more enjoyable and social, allowing you to discuss gaming strategies with your group.', '(d) Given your passion for technology and group involvement, you might benefit from organizing a weekly outdoor fitness meet-up with your group, making exercise a social event and an opportunity to share experiences.']"
dddcea07-b2fe-44d4-b8f5-dd4a948e7cdc,recommendation,therapy,10233,0,371,"Hey, I've got some free time this weekend. Do you have any cool app recommendations that could add some spice to my routine?",(a),"[""(a) Absolutely! Since you're passionate about exploring cutting-edge programming and technology applications, especially those intersecting with health and fitness, I recommend checking out the app 'Cardio Tech Fusion.' It's an innovative platform that combines wearable technology with advanced analytics to track fitness and wellness metrics in real time. What's exciting is that it offers virtual community meetups where tech enthusiasts like yourself can share experiences, insights, and new trends in fitness technology. It's like having a vibrant hub right at your fingertips, engaging both your interest in tech and your passion for staying fit!"", ""(b) I suggest downloading 'Zen Garden Harmony', an app designed to immerse you in the calming world of meditation and mindfulness, helping you relax and disconnect completely from technology while focusing on breathing exercises and peaceful nature sounds."", ""(c) How about trying the 'Vintage Recipe Book' app? It's a delightful platform that dives into classic culinary arts, offering step-by-step guides on traditional cooking techniques and age-old recipes that will transport you back in time with every dish you make!"", ""(d) Absolutely! You might enjoy trying out the app 'Indie Beauty Glow.' It's a platform that curates the latest in beauty trends and skincare routines, especially tailored for Asian skin types. Plus, it features community forums where users discuss cultural beauty secrets passed down through generations. This could be a refreshing way to connect with your heritage while exploring self-care.""]"
c4bfe98a-84b5-426c-aa3e-a6be217a60e5,factual,therapy,10221,0,182,How can I further integrate technology with therapeutic practices to enhance creative expression?,(c),"['(a) Engaging in activities such as mountain biking or kayaking may not directly relate to enhancing technology in therapy, but they can provide a mental reset that might fuel new ideas.', ""(b) Attending a culinary class can be enjoyable and relaxing, but doesn't necessarily contribute to the integration of technology with art therapy techniques."", '(c) Your personal project, which combines web development skills with art therapy techniques, is a brilliant example of integrating technology and therapeutic practices. Exploring avenues like digital art platforms or interactive applications could further enhance creative expression and provide new ways for people to engage in the therapeutic benefits of art.', '(d) While learning a musical instrument can be a rewarding experience, it may not align closely with integrating technology into therapeutic art practices.']"
fe894747-9aee-4337-b4ad-1000f5a4a87a,recommendation,therapy,10230,0,191,I'm looking for a new project to challenge my creativity and technical skills. Any ideas on something unique I could try?,(d),"['(a) Immerse yourself in the world of minimalist hardware design! Focus on crafting simple and elegant devices that prioritize functionality over aesthetic flair, where engineering precision brings innovation to everyday objects.', '(b) Explore the domain of botanical photography! Capture the natural beauty and intricate details of plant life through your lens, relying on your keen eye and traditional photography skills to create stunning visual stories without the use of advanced technology.', '(c) Embark on the journey of crafting traditional paper lanterns! Combine your meticulous attention to detail with cultural artistry to create elegant and symbolic decorations. With simple materials like bamboo, tissue paper, and LED lights, you can weave intricate designs and patterns that honor a rich cultural heritage. Channel your technical skills into engineering stable structures and experiment with different shapes and sizes for a dazzling array of illuminated art. This hands-on project not only delves into artistic expression but also connects you with a timeless tradition, providing both relaxation and a sense of cultural pride. Explore the fascinating world of handcrafted illumination, where creativity shines through every unique lantern, making it both a fulfilling and meaningful endeavor!', ""(d) Dive into the mesmerizing world of generative art! Imagine crafting intricate patterns and vibrant animations where each creation is a living piece of art—transforming your coding prowess into artistic masterpieces. By using tools like Processing or p5.js, you can blend algorithms with artistic flair to design visually captivating displays. Not only will this satisfy your love for technology, but it also opens a new canvas for expression, where art and innovation coexist. Embark on this journey to explore the limitless possibilities of digital artistry, creating personalized artworks that breathe and evolve. It's a perfect intersection of your interests, promising a rewarding and impactful experience!""]"
